services_count,customers,churn_rate
0,2219,0.21406038756196485
1,966,0.4575569358178054
2,1033,0.35818005808325265
3,1118,0.2737030411449016
4,852,0.22300469483568075
5,571,0.1243432574430823
6,284,0.0528169014084507
