Contract,customers,churn_rate
Month-to-month,3875,0.4270967741935484
One year,1473,0.11269517990495587
Two year,1695,0.02831858407079646
