tenure_bucket,customers,churn_rate
0-6,1481,0.5293720459149224
7-12,705,0.3588652482269504
1-2 years,1024,0.287109375
2+ years,3833,0.14036003130707017
