contract_risk_flag,customers,churn_rate
0,1472,0.10733695652173914
1,2043,0.5281448849730788
